[0.25       0.25       0.25       0.53908632],[0.16703723 0.13093375 0.11543765 0.11312694],[0.1846422  0.20340771 0.24257475 0.25942973],[0.1020985  0.1017959  0.07923491 0.18550182],[0.21894886 0.25569613 0.25548176 0.33584358],[0.21478065 0.24173206 0.21500603 0.23512975],[0.23726437 0.25030021 0.24565148 0.24675656],[0.2344425  0.22783376 0.22123141 0.21765261],[0.2475     0.23991503 0.25       0.28209048],[0.23216891 0.25896214 0.23120433 0.25774874],[0.30285394 0.27875288 0.28063837 0.48661806],[0.27726988 0.27743877 0.24336049 0.29020569],[0.28374976 0.41735457 0.25092227 0.25      ],[0.25172154 0.24873988 0.26442756 0.50700997],[0.27122938 0.35238776 0.27604489 0.26911916],[0.26525753 0.287879   0.24989561 0.3371739 ],[0.26437954 0.2758636  0.29155581 0.41766999],[0.29137771 0.29471703 0.245025   0.486116  ],[0.43154735 0.28243572 0.25       0.27823237],[0.26710186 0.24435442 0.245025   0.28000283],[0.24498552 0.24417707 0.24580906 0.26461349],[0.25119727 0.24521746 0.24550049 0.29582493],[0.26364039 0.25337884 0.2475     0.26560207],[0.2536574  0.25049639 0.24938049 0.27494219],[0.28298895 0.2552287  0.25       0.24766526],[0.26760245 0.25185962 0.25654532 0.34767896],[0.27285142 0.248175   0.25       0.25714428],[0.34037303 0.26647375 0.25       0.25      ],[0.26130367 0.24804444 0.25       0.27396932],[0.2475 0.25   0.25   0.25  ]
[0.30029728 0.49826356 0.31437977 0.32327643],[0.41989651 0.59651565 0.23284966 0.36041744],[0.44159484 0.41815559 0.27428168 0.31739795],[0.38713259 0.27349374 0.18300992 0.17885402],[0.29582775 0.43210384 0.27440449 0.3029083 ],[0.38159364 0.25510012 0.22275088 0.234696  ],[0.2687032  0.29631328 0.26870959 0.46694147],[0.33356234 0.42486952 0.29953047 0.30333174],[0.35857914 0.43858887 0.24527477 0.42371117],[0.48087559 0.39825378 0.3463269  0.34522981],[0.28072824 0.64198776 0.3868956  0.34595271],[0.49624653 0.50480477 0.31201654 0.79253366],[0.7817459  0.34974574 0.38077802 0.60680766],[0.53619337 0.33966695 0.31593654 0.44271038],[0.30320662 0.37883298 0.27798416 0.31283225],[0.3381686  0.29729554 0.32144524 0.54009747],[0.34798418 0.41630714 0.3335963  0.6592313 ],[0.6345747  0.37133983 0.31093487 0.41976677],[0.42492535 0.32878834 0.30101827 0.36908713],[0.41886637 0.28916324 0.31603432 0.31652738],[0.38957536 0.27052718 0.26510352 0.29497442],[0.26380178 0.26264318 0.24752991 0.44285689],[0.262871   0.24958404 0.245025   0.33909833],[0.2475     0.243204   0.24416324 0.25780612],[0.25430674 0.2440242  0.24476314 0.26172041],[0.24555328 0.26196869 0.25561937 0.28126601],[0.26086744 0.27340109 0.25338406 0.24774553],[0.34999501 0.25965265 0.25567556 0.26574096],[ 0.26129223 -1.62567376  0.25648939  0.3229106 ],[0.25 0.25 0.25 0.25]
[0.25       0.33827408 0.21634329 0.22707823],[0.19770018 0.21710689 0.3376544  0.26700163],[0.19377876 0.2180581  0.36873588 0.18694687],[0.16355025 0.2990363  0.18245403 0.18418187],[0.21221848 0.23611609 0.38902787 0.26570962],[0.22288998 0.41082887 0.23417202 0.23331516],[0.31914921 0.30642629 0.3287732  0.73505974],[0.28752576 0.52074038 0.32874181 0.34166434],[0.40613516 0.52849063 0.56525958 0.95043237],[0.69994438 0.30054836 0.40170225 0.66773345],[0.38947352 0.68211534 0.51474667 0.66669564],[0.62381632 1.10380385 0.45328504 0.60942818],[0.84205137 0.79975601 0.53739276 1.48141048],[0.9322889  0.45144183 0.54938254 0.60507133],[0.46325198 0.80190183 0.41683655 0.67709328],[0.60514418 0.49629778 0.51579568 0.81534655],[0.57276827 0.64965035 0.4425826  0.48948703],[0.48899279 0.59332984 0.52864017 0.70040477],[0.64886536 0.34775082 0.33407574 0.55924295],[0.40524642 0.40670056 0.34396057 0.71551763],[0.55133771 0.28179064 0.30280333 0.36436094],[0.29715268 0.29311336 0.37694596 0.31678843],[0.28991733 0.27474612 0.28311749 0.3195453 ],[0.28229552 0.25910367 0.24917398 0.24376474],[0.25899015 0.26020144 0.26146408 0.28223534],[0.26088175 0.24991782 0.24593107 0.27759167],[0.25405994 0.28354857 0.2534769  0.25849113],[0.28214215 0.25197092 0.26627711 0.33405858],[-0.5467695  -1.53179586  0.26861703  0.27054602],[0.245025   0.24516948 0.2475     0.2475    ]
[0.02973888 0.09010603 0.04911492 0.05383056],[0.11219177 0.1914376  0.17816873 0.40505288],[0.30178602 0.22533116 0.22218254 0.18546482],[0.18246455 0.31233784 0.3080326  0.20389997],[0.29689282 0.459163   0.2610487  0.27038437],[0.30745468 0.58522702 0.2165166  0.40113547],[0.37095082 0.47208945 0.53093152 0.77017019],[0.69999927 0.48641007 0.38235379 0.45915844],[0.57333515 1.11559012 0.62871507 0.75769146],[0.89378066 1.30094723 0.55700459 0.85928548],[0.74849114 0.78089225 0.6042536  1.14984008],[0.92860794 0.79426948 0.83408647 0.82017477],[0.61812169 0.78821399 1.10183457 1.57783677],[1.42555134 1.09559008 0.82038111 0.85250795],[1.32042483 0.894813   0.70902086 0.88669856],[0.9470178  0.67936466 0.80802751 1.07316763],[0.74690745 0.61334854 0.53694946 0.9299458 ],[0.76698014 0.9860733  0.56628776 0.7786996 ],[0.84323749 0.75772353 0.61828769 1.21190236],[0.75069619 0.61335321 0.59134946 0.9362319 ],[0.58461313 0.43444406 0.39430621 0.70126451],[0.45363516 0.29888243 0.3280014  0.37825823],[0.29813949 0.29093274 0.3636302  0.37685808],[0.30779156 0.36571073 0.26860358 0.27097457],[0.36365465 0.25873318 0.28457648 0.31926784],[0.30161797 0.24556565 0.27053934 0.28324425],[0.26352918 0.26630731 0.26529606 0.34814542],[0.35313032 0.28926609 0.26119331 0.26292392],[-0.85655054 -1.61495137  0.25808405  0.34910287],[0.2475 0.2475 0.25   0.25  ]
[0.25797311 0.21286563 0.17972839 0.22745289],[0.25655198 0.25271282 0.22908494 0.28442843],[0.23706308 0.2437247  0.23270535 0.33120209],[0.25700458 0.30891591 0.22984341 0.38660572],[0.30411668 0.52528338 0.25678905 0.26458641],[0.3679344  0.58229112 0.34851703 0.47430145],[0.46336253 0.52483939 0.56884199 0.72652766],[0.60987802 0.59151598 0.50728672 0.5021847 ],[0.6506397  0.78847099 0.86616075 1.01972093],[0.86083093 0.93109914 1.35265795 1.04596555],[1.08123393 1.00229398 0.93692851 1.27806713],[1.05867522 1.49701188 0.82569905 0.97750943],[1.22870627 1.63831988 1.12874887 1.16300938],[1.3014851  0.88901297 1.21882643 1.74423495],[1.16369069 1.39539628 0.93160655 1.04808449],[1.0394914  1.07419513 1.01052075 1.42426774],[1.14287783 1.32575421 0.67955132 1.04282714],[1.01030788 1.25637848 0.8092192  1.44527827],[1.010226   0.80850913 1.08934228 1.54831864],[1.24101166 0.82399711 0.71424249 0.97008179],[0.6609979  0.47886305 0.55028429 0.82000957],[0.68638703 0.32914125 0.34373825 0.45046724],[0.59633578 0.29403766 0.36621373 0.34809249],[0.30655681 0.34311846 0.28500711 0.42502506],[0.349362   0.33894446 0.3015162  0.44086356],[0.32308857 0.31968959 0.28510264 0.42026723],[0.37008646 0.26707341 0.33017712 0.2713284 ],[0.25601067 0.27758033 0.3337608  0.27763063],[ 0.26766563 -3.56555682  0.26618501  0.36324531],[0.2475     0.24871001 0.2475     0.24781759]
[0.1950345  0.23325492 0.18054353 0.17377058],[0.24719834 0.32430007 0.25536091 0.37576442],[0.2793125  0.29854536 0.30048149 0.4045079 ],[0.29913951 0.41648426 0.31310243 0.32943794],[0.25156937 0.36393695 0.41308729 0.50115452],[0.38261119 0.63976149 0.30268844 0.44558243],[0.50088171 0.71056357 0.65324713 0.76449942],[0.64742137 0.97615196 0.59932879 0.61936926],[0.99860715 1.1621639  0.73881321 0.88190171],[0.97514284 1.18441843 1.15370126 1.33016732],[1.25165528 0.89536999 1.08460796 1.58155499],[1.32804706 1.18456259 1.23903403 1.80787515],[1.37677787 1.34042168 1.52694033 1.27403688],[1.32470162 1.41300417 1.52076041 1.91128257],[1.37726055 1.61155524 1.15562531 1.28185059],[1.25016669 1.72686708 1.39020321 1.45073546],[1.45915178 1.45242785 1.5601041  2.10441958],[1.49721667 1.50639547 1.27566625 1.70007381],[1.59664699 1.24659114 1.33137022 1.43292058],[1.39677668 0.93456623 1.0707316  1.06892395],[1.12151747 0.61681395 0.74688296 0.98801369],[0.65288673 0.73172112 0.49851818 0.55755257],[0.54213559 0.45686583 0.41995685 0.77348402],[0.41951334 0.39619635 0.40130711 0.59144486],[0.40406977 0.32588981 0.38889963 0.51859491],[0.38998633 0.3288631  0.32761498 0.42121511],[0.42885119 0.27649005 0.29599249 0.33287009],[0.26853242 0.3023537  0.24790324 0.2713145 ],[-0.45189641 -2.47449055  0.33526434  0.29863391],[0.2475     0.24831747 0.25       0.25      ]
[0.24975949 0.25875764 0.2248149  0.25289964],[0.32198508 0.43514767 0.2666711  0.27155   ],[0.37902468 0.33869088 0.35892772 0.51847364],[0.40220275 0.46193831 0.32961113 0.34975032],[0.3920364  0.44157849 0.41342665 0.6400368 ],[0.54551476 0.5758078  0.47370824 0.68989178],[0.64873857 0.58593666 0.73873751 0.96629258],[0.84199478 0.71599135 0.62238926 0.71884595],[0.66512621 0.9362083  1.08577264 0.88930849],[1.09225901 1.43987484 1.19426557 0.98165242],[1.36559664 1.68373003 1.33880458 1.19287477],[1.65057677 1.82766775 1.60182957 1.70129887],[1.54062118 1.79556743 1.42185034 1.57170333],[1.70327839 1.73530509 1.66515698 1.77201816],[1.70412384 1.91471178 1.55681984 2.03096881],[1.93678954 2.00647898 1.56972325 2.19161884],[2.35639358 1.75717376 1.63763519 1.92081095],[1.68341223 1.66889654 1.58294545 1.772237  ],[1.65970876 1.50446845 1.4066698  1.49279761],[1.27445992 1.38158309 1.27738122 1.61841667],[1.44166782 0.91933258 1.05642615 1.342725  ],[0.88818936 0.80914461 0.65568301 0.91118977],[0.58729663 0.4682244  0.6404649  0.86023498],[0.69989988 0.55126116 0.42461391 0.50755652],[0.40154392 0.4101198  0.54714521 0.54304108],[0.33833857 0.35135173 0.52294779 0.34979895],[0.27643285 0.28192434 0.29565895 0.43983229],[0.27275816 0.24726652 0.25544667 0.30378831],[-1.13238755 -1.87140295  0.2860979   0.27603265],[0.2475     0.24610941 0.25       0.25      ]
[0.2256544  0.25653082 0.23689024 0.26838321],[0.2897298  0.31870558 0.36293224 0.32839992],[0.29896969 0.35444058 0.45551443 0.53716329],[0.4080165  0.56364754 0.41266423 0.55207893],[0.599421   0.40898037 0.38594304 0.93611003],[0.67346441 0.89109661 0.51703626 0.49392828],[0.760269   0.9618189  0.77977945 0.97866004],[1.03305028 1.17728483 0.88381329 0.85553318],[1.04956888 1.28374227 0.94082905 0.9278833 ],[1.20864995 1.12801193 1.15485852 1.3537964 ],[1.12760394 1.13114505 0.91145011 1.39065876],[1.37357866 1.31041501 1.79217808 1.31084618],[1.31153695 1.49293899 1.62827404 1.34805097],[1.61701842 1.61915771 1.38674398 1.59844386],[1.7171132  1.82735489 1.76478682 1.93274671],[1.99436406 2.00893132 2.07874212 1.88719015],[2.12128583 1.8091533  1.93886761 1.90042101],[1.68046821 1.6483581  1.49287669 1.64108068],[1.474475   1.6654189  1.45266634 1.57588727],[1.50197894 1.61963369 1.54520914 1.73672586],[1.73261102 1.36253822 1.28706094 1.36653643],[0.99047227 0.86215011 0.77296998 1.11272738],[0.67917498 0.5573332  0.81922945 0.9861694 ],[0.69173438 0.64130161 0.50804427 0.63770743],[0.81491442 1.02288179 0.58881146 0.51607759],[1.20638534 0.62148508 0.45202464 0.58901148],[0.59796516 0.55999583 0.37186447 0.59775461],[0.49691473 0.26497743 0.27238753 0.39385764],[-0.79993213 -2.57216889  0.25336008  0.28425433],[0.25 0.25 0.25 0.25]
[0.28424178 0.33113402 0.31790858 0.26182957],[0.34878228 0.51537771 0.35292736 0.28505089],[0.49507202 0.54946908 0.50180026 0.64818135],[0.4724721  0.88664118 0.4640489  0.7035531 ],[0.71382655 0.60819809 0.70702041 1.13015738],[0.570993   0.62826528 0.62713806 0.66544748],[0.70727395 0.83049796 0.75928756 1.02240021],[0.91945454 0.80434668 1.05821886 0.98411011],[0.96499906 1.11129381 1.0442395  0.98289132],[1.07633715 1.11799349 1.28723726 1.06450409],[1.24709949 1.27280949 1.09094403 1.08507358],[1.31790429 1.39513951 1.4242217  1.38493794],[1.36840873 1.44754564 1.41189281 1.49487203],[1.5562823  1.6116948  1.47728047 1.57012468],[1.66095338 1.58589229 1.83850048 1.79104483],[1.76025212 1.96010035 1.84153016 1.97341215],[1.59245979 1.69801335 1.94082827 1.90687366],[1.58139576 1.69566151 1.59882336 1.62082654],[1.62155526 1.62112765 1.65238892 1.61991412],[1.68218334 1.53276976 1.57013886 1.46988954],[1.21637791 1.16496737 1.49362789 1.68549914],[1.19640234 1.11310717 0.94463341 1.19892152],[0.8860947  0.71873278 0.8382713  1.0910554 ],[0.74574152 0.65396764 0.60319486 0.61226686],[0.56658133 0.40445493 0.4490224  0.65238251],[0.46878849 0.47426196 0.76034959 0.63173272],[0.37270321 0.39668865 0.38313633 0.6498171 ],[0.31034684 0.27345233 0.45349117 0.38415752],[ 0.28385524 -1.39201545  0.26179548  0.31702081],[0.245025 0.2475   0.2475   0.2475  ]
[0.25085238 0.32592255 0.26685155 0.33730914],[0.35907909 0.4920649  0.49499632 0.37835142],[0.41330069 0.71833262 0.50083362 0.54326278],[0.84719614 0.81143083 0.72747695 1.0741748 ],[0.88400135 0.87505496 0.81385887 1.18086567],[1.03488164 0.82062197 0.59419903 0.80650707],[0.89896287 1.0896605  0.86648231 0.96493104],[0.97026648 1.13470736 1.0046485  0.90203454],[1.07766604 1.05867047 1.03106898 1.15017922],[1.06855799 1.22135111 1.10379371 0.92623465],[1.26497333 1.22704929 1.35630103 1.3630713 ],[1.34176432 1.15977527 1.27133176 1.40384297],[1.45527876 1.54976164 1.47416416 1.40396329],[1.51557316 1.66605305 1.50500131 1.65261644],[1.6832094  1.76762506 1.78715882 1.7481349 ],[1.82917933 1.8145242  1.85201458 1.78342682],[1.79317964 1.79593089 1.82727334 1.83497774],[1.72856286 1.71287924 1.65981097 1.65632247],[1.74035738 1.71609842 1.56613307 1.65258622],[1.70153524 1.55901002 1.62604281 1.65673354],[1.60865357 1.29601714 1.5674374  1.50373487],[0.91222689 0.87529705 1.21691432 1.24451359],[0.91233116 0.80545212 1.12748401 1.11057325],[0.76388582 0.54418385 0.65826773 1.04847316],[0.55206954 0.6917821  0.53892223 0.66693424],[0.51367029 0.46401064 0.49955273 0.76732045],[0.55674345 0.45990176 0.42437378 0.60236896],[0.48134203 0.27167674 0.32022326 0.32086191],[-0.57787411 -2.77212301  0.30077131  0.32664512],[0.25610131 0.25       0.25       0.24849096]
[0.24632996 0.27738833 0.26721595 0.28290957],[0.2646331  0.31820291 0.40476625 0.30790975],[0.37775578 0.68664685 0.54776207 0.51231584],[0.65915333 1.19087138 0.83782302 0.86581285],[0.98231843 1.21956852 0.99453546 0.82301791],[1.05726025 1.0855285  0.97035525 1.24085584],[1.05995831 1.21721727 0.98735339 0.98492902],[1.08247468 1.06990503 0.9991327  1.1665583 ],[1.07577505 1.05532983 1.18297133 1.12996482],[1.07672373 1.14806485 1.25650487 1.22427803],[1.19760375 1.37992692 1.25910829 1.26846266],[1.37963902 1.43342005 1.38062465 1.45314228],[1.44261075 1.52240281 1.45672039 1.431239  ],[1.51031288 1.63789262 1.61005436 1.66396429],[1.6427627  1.66706574 1.68943366 1.61074752],[1.67449445 1.79916047 1.6975797  1.73428475],[1.78595824 1.7600202  1.76356831 1.79544652],[1.75767066 1.74638565 1.74672125 1.71721929],[1.74759265 1.66974456 1.74941724 1.75149263],[1.68294426 1.55544025 1.59603697 1.66402627],[1.5089728  1.52556407 1.50776989 1.49320908],[1.48724619 1.32014347 1.23773592 1.25729727],[1.38979353 1.24195742 0.99096311 1.08446629],[1.28680129 0.95120442 0.83172543 1.04044438],[0.9174996  0.7690043  0.79286758 1.12216072],[0.69467987 0.6893026  0.65034578 0.87737036],[0.49334754 0.37174779 0.50359748 0.5777073 ],[0.44556768 0.33596104 0.32409341 0.31170157],[-1.77120755 -1.40373737  0.33764832  0.27926297],[0.24699477 0.24529562 0.24552186 0.2475    ]
[0.24332677 0.32226536 0.26393093 0.25786928],[0.28595375 0.38604648 0.33813867 0.37190091],[0.50863147 0.63977128 0.49942716 0.57962592],[0.6501296  0.75283988 1.05056739 0.82744646],[0.93258957 0.89173056 0.91890343 0.83148172],[0.86502614 1.03300638 1.08911254 1.30290014],[1.20101253 1.14639211 1.09029893 1.11608284],[1.1666409  1.1919505  1.08732706 1.05817326],[1.12868191 1.31403829 1.06730988 1.17589984],[1.26987882 1.33572382 1.24520768 1.40078554],[1.36066776 1.53613653 1.33944627 1.42790563],[1.51530074 1.60586374 1.47756282 1.4954737 ],[1.54426455 1.57822313 1.46169234 1.4924358 ],[1.57098858 1.62083546 1.66360327 1.6385849 ],[1.62297124 1.60640461 1.61712272 1.63452614],[1.61526929 1.63759417 1.66076133 1.64477567],[1.71494939 1.70076621 1.68943403 1.67453284],[1.69584629 1.69352372 1.66039568 1.69279936],[1.69394027 1.6678637  1.71209985 1.68031377],[1.5458437  1.46009982 1.59578424 1.6761945 ],[1.44774598 1.37133346 1.25701703 1.41678371],[1.19282283 1.20974922 1.09672348 1.50285333],[1.13909845 1.09412891 1.19796864 1.31022808],[1.27524367 1.00478045 0.74199612 0.83512923],[1.23395061 1.02016449 0.94331232 0.87536578],[1.10974696 0.5106332  0.74934866 0.61542454],[0.60838697 0.43371598 0.58327487 0.600416  ],[0.3699274  0.25036435 0.35846483 0.33724319],[ 0.01730653 -1.21003166  0.27294364  0.26252301],[0.24985199 0.24589846 0.2475     0.25522907]
[0.249007   0.2901649  0.25455468 0.25577548],[0.32536026 0.39567128 0.33461898 0.3705471 ],[0.35821347 0.60604713 0.53123889 0.56962424],[0.64914964 0.64183965 0.80453379 0.88618956],[0.66881956 0.92273256 0.80611314 0.99492879],[1.00950263 1.07993528 1.19709965 1.44158575],[1.1020641  1.25156653 1.19811003 1.20248423],[1.12464002 1.2058878  1.17442315 1.29710032],[1.25128056 1.20878049 1.17655101 1.30499537],[1.26181009 1.35849554 1.29344131 1.35151005],[1.34307244 1.41356092 1.41427781 1.44802472],[1.43028019 1.49206237 1.48634093 1.49212364],[1.53864211 1.52537789 1.52673703 1.54846094],[1.52299092 1.57899607 1.53777536 1.56657705],[1.5688607  1.54497367 1.54048919 1.53860705],[1.57879861 1.61720777 1.56039297 1.60611173],[1.60533128 1.62556796 1.68192531 1.6469346 ],[1.66928874 1.69067249 1.67330357 1.66066661],[1.64384054 1.66970546 1.7208964  1.68308192],[1.64572125 1.49627014 1.61411726 1.65042906],[0.68702722 1.3608083  1.37842723 1.40505484],[1.31057856 1.30508445 1.28183552 1.50747916],[1.18091338 1.02695431 1.14028742 1.32361649],[0.99809108 1.05228968 0.7841422  0.91977825],[0.81593132 0.77617209 0.82865157 1.1915118 ],[0.64277831 0.50547669 0.85331842 1.0248147 ],[0.86698246 0.52928198 0.45364224 0.50698345],[0.58453768 0.28408104 0.36857635 0.44803675],[-1.373588   -3.75409762  0.25776035  0.27265082],[0.25409443 0.25537882 0.24460189 0.24931034]
[0.25214422 0.31737071 0.26545277 0.27089542],[0.30731873 0.31281777 0.30699071 0.40656447],[0.34652775 0.65160358 0.49400938 0.54579351],[0.62983892 1.01620587 0.72130855 0.67841734],[0.96797647 1.1096691  0.96893903 1.16809051],[1.00341123 1.52518116 1.24459982 1.35475855],[1.37208876 1.4454102  1.26198789 1.45914398],[1.37492693 1.3422852  1.26784826 1.48918246],[1.35803914 1.33773824 1.27935593 1.3486007 ],[1.3269102  1.37236906 1.33811772 1.37997188],[1.37750026 1.37981407 1.38354313 1.39601421],[1.44344    1.47645191 1.49483591 1.47225328],[1.46812031 1.48632323 1.4891635  1.48381697],[1.47263452 1.49936882 1.51634051 1.47175557],[1.48185538 1.5302076  1.49325168 1.50728001],[1.52390911 1.5849725  1.59128552 1.57690182],[1.64418856 1.65754343 1.64218104 1.57984555],[1.65250581 1.62393053 1.64956546 1.64023907],[1.57663138 1.57170959 1.63613864 1.65002573],[1.56558534 1.51940634 1.57612717 1.59359042],[1.52875817 1.46981785 1.32122499 1.47864557],[1.43730293 1.30895442 1.39343846 1.5070741 ],[1.29971081 1.16084531 1.19384253 1.36202008],[1.21726143 1.07538282 0.79899083 0.96465001],[1.06114173 0.98316077 0.99856939 1.14483676],[1.04236897 0.70854857 0.72205178 0.76806831],[0.561239   0.43743712 0.66787637 0.61370452],[0.34781034 0.35164844 0.40192911 0.58960486],[ 0.38878657 -0.71881896  0.32087347  0.32734903],[0.26700868 0.25       0.25       0.24977121]
[0.2595995  0.28026374 0.35167497 0.25462828],[0.344746   0.51736182 0.32452815 0.34725308],[0.39802441 0.50589116 0.55332058 0.49030599],[0.66197169 0.74364949 0.7267961  0.7317731 ],[0.73500552 1.32585765 1.05844917 0.94550794],[1.04628853 1.46696999 1.38787631 1.3296329 ],[1.41608258 1.45231901 1.45559255 1.52669606],[1.41684362 1.42988295 1.42695175 1.46915334],[1.37465267 1.3908862  1.39179035 1.38886289],[1.37568043 1.40951382 1.39653467 1.3849329 ],[1.35947229 1.44228704 1.38730495 1.38788527],[1.42347715 1.43994326 1.45875575 1.42266714],[1.47873156 1.45387932 1.4699331  1.4498657 ],[1.43846644 1.48412552 1.47139987 1.46638903],[1.53155228 1.51445115 1.4531195  1.4983998 ],[1.5638323  1.58484195 1.56055353 1.58777905],[1.64518051 1.57452537 1.64285997 1.6488592 ],[1.68503073 1.54458213 1.68047388 1.62306824],[1.64702    1.59864358 1.59424498 1.59618801],[1.52136859 1.54915125 1.56898421 1.55615401],[1.47662603 1.49072767 1.43814366 1.56914753],[1.50522695 1.29635085 1.46214428 1.65594697],[1.42018139 1.12926654 1.31829241 1.44963531],[1.13833536 1.08770149 0.79116736 1.19209373],[1.05371193 0.87546469 0.93227971 1.14303286],[1.12654942 0.78707464 0.96069732 0.94259202],[0.98706207 0.62941486 0.45984949 0.53731222],[0.81797918 0.38095943 0.45640569 0.58982661],[ 0.45472708 -2.86056774  0.33928862  0.27607726],[0.23265575 0.23356559 0.23567098 0.23651686]
[0.2591961  0.29852628 0.25146278 0.40033046],[0.30450755 0.38792692 0.40965351 0.30312771],[0.4391386  0.64823723 0.46740551 0.47059965],[0.6643269  0.65299739 0.72584134 0.71976827],[0.67136505 1.00707772 0.99815074 1.10899742],[1.11994347 1.3215971  1.21934884 1.27146005],[1.39107448 1.45665941 1.47493948 1.45770116],[1.43837445 1.40588322 1.41872989 1.44107099],[1.42560946 1.41386921 1.37582897 1.39679742],[1.38808412 1.37883367 1.37146312 1.37501077],[1.38026489 1.39824021 1.38866005 1.44882189],[1.38181824 1.38465324 1.3950177  1.40600918],[1.40298165 1.41701763 1.4356415  1.46940739],[1.45948138 1.49624563 1.46376287 1.51625179],[1.50513073 1.54608173 1.49277641 1.49848771],[1.56482152 1.54696568 1.59750766 1.59123391],[1.62258541 1.5476642  1.62962683 1.61728812],[1.61134548 1.59016635 1.58783843 1.61908653],[1.59919514 1.56626961 1.60855141 1.67016314],[1.5567084  1.54865467 1.54980293 1.57755644],[1.57768389 1.59128659 1.57545205 1.52018576],[1.56126882 1.44918059 1.50834932 1.48301597],[1.43948832 1.30221468 1.42821778 1.36547843],[1.25319627 1.14884781 1.0597294  1.16640339],[1.04293603 0.92513613 1.04633072 1.14971555],[0.93060866 0.77016438 1.03010927 0.8716827 ],[0.80190739 0.48471589 0.65212319 0.67519024],[0.47155688 0.25335823 0.49353371 0.67493814],[-0.91938848 -4.93825752  0.26789537  0.2535141 ],[0.24895709 0.24917012 0.24938874 0.24807363]
[0.26913606 0.28189716 0.26500768 0.24875796],[0.29112068 0.37293435 0.28634508 0.2848187 ],[0.32271292 0.49221116 0.46031051 0.46528234],[0.5360153  0.86656946 0.71243406 0.65980674],[0.84742473 1.20182482 0.97077789 0.95401848],[1.1706094  1.32849408 1.23012029 1.09458841],[1.27878707 1.40712901 1.41907077 1.3702007 ],[1.29759501 1.38823719 1.48581421 1.41595962],[1.37476568 1.38248758 1.37697077 1.38467961],[1.31688883 1.36325408 1.40026008 1.39325859],[1.42768362 1.38559466 1.39956534 1.44286284],[1.42098553 1.4171413  1.38269609 1.38025389],[1.44137608 1.48291085 1.48131486 1.48843764],[1.54257584 1.50188696 1.46900323 1.53818664],[1.56850025 1.56349548 1.56634096 1.57503089],[1.56871038 1.61764321 1.6028958  1.57503678],[1.59773144 1.56901609 1.62389    1.61479117],[1.60768744 1.59448629 1.54575039 0.97738978],[1.60927911 1.55478395 1.59306939 1.62741782],[1.61282981 1.55065413 1.5690727  1.60816642],[1.51784392 1.54195146 1.44635084 1.51373677],[1.53627271 1.29131762 1.3860672  1.3718011 ],[1.31856603 1.17666581 1.38537634 1.38766282],[1.33796167 1.10650279 1.07721227 1.26579374],[1.11204283 1.01455858 0.98727559 1.16783547],[0.8037776  0.84972494 0.88204559 1.10583092],[0.85601786 0.57205263 0.50953211 0.48119315],[0.49895012 0.43160944 0.63463922 0.47824352],[ 0.14444357 -1.20137222  0.29755608  0.27516226],[0.245025   0.24199833 0.24565865 0.24454549]
[0.2459086  0.28483843 0.25232886 0.2759505 ],[0.26124712 0.27647674 0.33132071 0.33785486],[0.33511271 0.46301611 0.42997024 0.49195596],[0.56222289 0.61605089 0.64933268 0.8418596 ],[0.73373205 0.85346589 1.01439663 1.11345628],[0.96903688 1.1872269  1.0838307  0.96133971],[1.24129486 1.38310929 1.41706088 1.41486451],[1.38033268 1.43595322 1.44627315 1.40143343],[1.4115348  1.35750744 1.41918043 1.37501015],[1.37182233 1.41748259 1.3415417  1.40544708],[1.44515939 1.39715078 1.46137546 1.4453091 ],[1.41793894 1.41944898 1.38449229 1.43861099],[1.43058592 1.46834831 1.40934948 1.45865859],[1.53137045 1.52047398 1.58977553 1.5688852 ],[1.58876135 1.55087358 1.56515848 1.57843631],[1.66166122 1.54284795 1.59861905 1.57915653],[1.55914443 1.54747243 1.53988765 1.55882286],[1.57179584 1.54100267 1.54023763 1.57007175],[1.5716251  1.60195871 1.6188325  1.60866473],[1.58426692 1.58221229 1.54822439 1.5989184 ],[1.62582581 1.44644446 1.52815992 1.55408711],[1.45446593 1.41545966 1.37948001 1.42129429],[1.34860645 1.31037338 1.32423016 1.42378254],[1.35991706 1.23248337 1.26874732 1.19085642],[1.24312955 1.01820327 1.09820824 1.14112263],[0.98218353 0.67743866 1.02039238 1.11116324],[0.56535122 0.59891221 0.60762808 0.65933925],[0.55154652 0.35522946 0.49337768 0.65705464],[-0.95127911 -2.42361969  0.29554345  0.35136037],[0.24670864 0.24444736 0.25362022 0.2475    ]
[0.2766893  0.40496748 0.26793625 0.26330804],[0.31547799 0.47181376 0.40822555 0.39509336],[0.50593106 0.68624963 0.41469391 0.47217733],[0.7225177  0.8558101  0.75804528 1.00309089],[0.92769282 0.89260217 1.03546503 1.17706659],[1.12663706 1.14808782 1.03289872 1.00728726],[1.14558802 1.30088911 1.46076651 1.33249652],[1.33424883 1.3663108  1.37305897 1.37396163],[1.4152068  1.41401228 1.31881164 1.37494292],[1.41863248 1.45172447 1.43323773 1.43199196],[1.47549478 1.44954875 1.44469582 1.4644326 ],[1.49159333 1.50787634 1.43832369 1.45905205],[1.47179503 1.54614472 1.51832172 1.47803675],[1.6065902  1.58206498 1.56431615 1.57901117],[1.60108132 1.5345928  1.58263196 1.60574086],[1.5687872  1.52966562 1.5384286  1.55934884],[1.55501766 1.54766628 1.56252593 1.53307426],[1.57958946 1.57892171 1.57114361 1.54778384],[1.6185451  1.62717305 1.6314073  1.62350353],[1.65832712 1.60395277 1.63233186 1.67095325],[1.5689356  1.61611234 1.53992334 1.62925242],[1.5282112  1.43829242 1.4159402  1.57642857],[1.44628766 1.30772353 1.41790027 1.41308162],[1.20620574 1.21909735 1.21793076 1.36849513],[1.13250646 1.05895608 1.1269059  1.15878883],[1.11888499 0.94779292 1.12971872 1.04465236],[1.05188373 0.78227226 0.57872927 0.73602289],[0.77280541 0.54208183 0.41351317 0.5323568 ],[-0.21494299 -3.50451272  0.29891703  0.39006636],[0.25460772 0.24082351 0.24103749 0.2390632 ]
[0.24873201 0.31120819 0.28941768 0.27905231],[0.27491611 0.40205146 0.36440236 0.43826855],[0.44313713 0.65478173 0.47810522 0.61223204],[0.6676524  1.00860582 0.90757759 0.7991701 ],[1.03456795 1.15006554 1.16402261 1.21463005],[1.12325373 1.20702384 1.08587595 1.26877478],[1.12967851 1.28764653 1.32849951 1.37697404],[1.30217337 1.41567012 1.37973303 1.31417476],[1.31433105 1.36285347 1.37675791 1.36324879],[1.38023431 1.42430963 1.41672888 1.43965676],[1.40782141 1.42850522 1.50383414 1.43161383],[1.49673105 1.48981165 1.48386633 1.48844593],[1.49629408 1.51194789 1.54852258 1.54171139],[1.56616373 1.54256278 1.55800661 1.59192515],[1.59226431 1.53020876 1.63221298 1.58039082],[1.58017913 1.54785848 1.53227695 1.52535944],[1.54639095 1.53878203 1.50750838 1.51005635],[1.57160281 1.58360694 1.57178369 1.52932773],[1.62448885 1.62843316 1.59917004 1.60711531],[1.65415795 1.6547032  1.6699048  1.67258196],[1.68661543 1.62963889 1.61106893 1.63651411],[1.65005175 1.58564478 1.56756962 1.57065754],[1.65414576 1.58145143 1.50986853 1.52062828],[1.48609226 1.18150141 1.16113977 1.31053628],[1.22072958 1.06147626 1.14314471 1.09290879],[1.05262903 0.95083713 0.87231852 1.08341145],[0.8094435  0.61970543 0.83748796 1.03486721],[0.58305933 0.3833757  0.61675458 0.65616294],[-0.08789825 -2.88288414  0.36842574  0.45065148],[0.24735347 0.24660981 0.24701705 0.24703136]
[0.24615327 0.32264424 0.25856499 0.27103656],[0.35420323 0.40347902 0.5185068  0.46500986],[0.47485356 0.66783132 0.5740111  0.71747686],[0.73312389 1.11057061 0.90516224 0.98735281],[1.06010727 1.24269227 1.14763718 1.20898703],[1.22755892 1.33431762 1.26051129 1.35215265],[1.3422898  1.33421531 1.28985279 1.31774128],[1.39020871 1.37831538 1.31608966 1.2866232 ],[1.47471077 1.45963796 1.35801339 1.46283353],[1.48315663 1.50096185 1.41269968 1.43334097],[1.49474145 1.51461663 1.48520046 1.46105743],[1.46138687 1.48176117 1.4766856  1.5368107 ],[1.51488842 1.53470048 1.53281297 1.53861551],[1.57826297 1.57125028 1.57830525 1.57565126],[1.55751121 1.54947664 1.54581001 1.56611488],[1.51589606 1.53220637 1.49797053 1.53306095],[1.5069256  1.50258074 1.53499547 1.52697122],[1.52999627 1.53232814 1.51074143 1.44461992],[1.498877   1.54905107 1.57374256 1.59015325],[1.60904303 1.5113045  1.62577524 1.61897946],[1.52137478 1.54777159 1.53086305 1.52553499],[1.55000734 1.45159088 1.64850715 1.52910859],[1.53263495 1.41370116 1.53210829 1.23427585],[1.36285441 1.19222004 1.3793327  1.21191691],[1.18995899 1.07214125 1.12602549 1.00771938],[1.08104586 0.89021882 1.06370209 0.91000378],[1.00144212 0.79123366 0.8461153  0.85491848],[0.59441191 0.46585759 0.55418285 0.73021866],[-0.20634265 -3.83615374  0.41132549  0.43801333],[0.24369569 0.24379958 0.24116286 0.2427975 ]
[0.240149   0.72463048 0.27705002 0.35284559],[0.51434419 0.64022646 0.56428168 0.84310287],[0.74351921 0.69385197 0.62548225 0.95460309],[0.86402155 0.98656042 0.9475607  1.31606579],[1.13571451 1.37967438 1.25478225 1.13967823],[1.29985841 1.29869028 1.29677166 1.42735036],[1.30217926 1.34771321 1.34791211 1.3153135 ],[1.2675282  1.31575512 1.35429936 1.33621263],[1.38187935 1.38607382 1.51469182 1.41954021],[1.48408601 1.44664404 1.44259764 1.42319851],[1.45632712 1.44610147 1.44972099 1.45651308],[1.49069229 1.51616156 1.49880181 1.49688206],[1.55136461 1.48074104 1.55656765 1.51896737],[1.52388667 1.51029049 1.5726569  1.5443818 ],[1.52366662 1.51524863 1.5010637  1.51659083],[1.48929675 1.48033148 1.51773199 1.49475678],[1.53097555 1.49942659 1.50377174 1.4789804 ],[1.54151176 1.54614836 1.50598857 1.53760828],[1.61679246 1.58067523 1.58758557 1.58086135],[1.57294527 1.53027821 1.56971036 1.50404065],[1.55293062 1.42988993 1.48456261 1.46922747],[1.41909613 1.31101854 1.51004377 1.49312872],[1.34692669 1.0070509  1.21800568 1.14781254],[0.81388416 0.96678791 1.19075576 1.08471502],[0.81123274 0.77294161 0.99599594 1.01851876],[0.80742443 0.71262879 0.80538628 0.95666183],[0.77130372 0.74469373 1.05096223 0.50473011],[0.63157407 0.51867568 0.73715617 0.50049438],[-0.36062009 -2.92389479  0.33306939  0.39381009],[0.23932366 0.23900534 0.23911444 0.24675997]
[0.2475     0.34462826 0.41574965 0.4476524 ],[0.53974655 0.69320348 0.67009758 0.90825756],[0.8801617  1.13158258 0.65416346 0.81465766],[0.94035901 1.44693085 1.10761788 1.12291785],[1.28970344 1.45938231 1.35486058 1.24925417],[1.3695062  1.35185652 1.35134551 1.27394569],[1.31530473 1.22631189 1.28343119 1.27550455],[1.30420357 1.34834009 1.32676269 1.3835049 ],[1.35910844 1.46672397 1.3169133  1.46684489],[1.39402641 1.41830208 1.43981495 1.43921932],[1.45995187 1.46392059 1.47785504 1.4427982 ],[1.48672399 1.46920801 1.46234419 1.48530929],[1.48886758 1.48673838 1.49025379 1.46550551],[1.52071628 1.46976712 1.5234642  1.49208691],[1.48603228 1.4966862  1.50685615 1.50192941],[1.50306435 1.47194512 1.50824572 1.48672731],[1.50692225 1.47350979 1.43852317 1.45881027],[1.51479131 1.54502795 1.50084931 1.49534671],[1.51897737 1.5121353  1.55681031 1.51063727],[1.50257427 1.47761579 1.50151925 1.47067786],[1.44490321 1.36539549 1.47206791 1.41047958],[1.39410969 1.32252812 1.43017971 1.31440408],[1.36050492 1.05641786 1.17025741 1.03161752],[1.04133171 0.91660317 1.05563144 0.92014246],[0.90884342 0.82572656 0.89793676 0.95831206],[0.85688232 0.95147094 0.6893101  0.72799818],[0.67909724 0.70686713 0.98731312 0.80651453],[0.50779348 0.33882498 0.68830981 0.51439991],[-0.57236063 -4.02085992 -0.15712188  0.06133871],[0.24722797 0.24694706 0.24521575 0.25376993]
[0.38773454 0.66257615 0.35784284 0.34214277],[0.53278714 0.88840929 0.69025944 0.66481701],[0.75307334 1.13792992 0.68014616 0.67669494],[1.00609049 0.84006776 1.05995541 1.48674041],[1.051041   1.19078065 1.47982234 1.23998831],[1.25294879 1.17035294 1.29855137 1.33259538],[1.26929316 1.36070558 1.29020189 1.29171134],[1.27440559 1.50188663 1.34274744 1.2828682 ],[1.42378741 1.44540486 1.42297537 1.40750003],[1.4379136  1.4840042  1.47408581 1.40652715],[1.42223743 1.42556315 1.45597701 1.44206957],[1.50537449 1.47845299 1.4696828  1.50363659],[1.46846668 1.4102609  1.45973079 1.43184468],[1.44897757 1.46985087 1.47678943 1.47245833],[1.46777423 1.44093758 1.45216112 1.4538915 ],[1.43433669 1.43278748 1.45177595 1.45221396],[1.44079369 1.45180451 1.44348903 1.43099148],[1.46193794 1.43389886 1.43593086 1.43066374],[1.44573159 1.4429017  1.50470657 1.35690308],[1.42188    1.43867614 1.44631606 1.35506674],[1.40775552 1.34868613 1.38448241 1.38216853],[1.33278512 1.00956276 1.27614736 1.20835305],[1.11952924 0.9039854  1.23192102 0.96805167],[0.92857342 0.97599039 0.94324036 1.03361517],[1.03210704 0.8256989  0.93046536 0.99710269],[0.79018151 0.90779547 0.74363465 0.78099582],[0.91152701 0.8051621  0.82130042 0.69448769],[0.74083187 0.50688499 0.53425847 0.48507322],[-0.05630403 -2.37251619  0.31799347  0.33486136],[0.24650477 0.24574219 0.24622655 0.24360337]
[0.2575935  0.378817   0.36857786 0.26929979],[0.33910344 0.46977575 0.78023708 0.52642235],[0.67658692 1.0823434  0.69031349 0.72974672],[0.98721951 1.47973206 0.97925886 0.89669956],[1.50581845 0.45250814 1.19214959 1.32279067],[1.415908   1.31470174 1.22715587 1.32646747],[1.26492385 1.28690119 1.26169344 1.20860757],[1.26207141 1.37061619 1.33975729 1.28611563],[1.32479417 1.36368965 1.41161393 1.41115576],[1.38483169 1.39408571 1.3518417  1.352921  ],[1.38776678 1.45408564 1.47920113 1.51925597],[1.47110853 1.4686346  1.46653051 1.44552661],[1.4779649  1.50336713 1.42572122 1.42498278],[1.42590813 1.45209022 1.4560249  1.44607515],[1.431803   1.42213994 1.41760629 1.38082867],[1.43690462 1.41962981 1.4274332  1.3997185 ],[1.40210091 1.42195317 1.39397548 1.42580693],[1.42947    1.45578065 1.43568249 1.4288864 ],[1.42327657 1.38558302 1.43366903 1.37781536],[1.38532452 1.35242904 1.34724614 1.36532078],[1.25903292 1.17231294 1.39883626 1.31815288],[1.17182851 1.12601654 1.17609534 1.10281896],[1.10350221 0.90445276 1.01806767 1.04609623],[0.96679725 1.04675325 1.12832269 1.17260538],[0.98989825 0.87559981 1.02502333 0.97995218],[1.03815599 0.74856934 0.76182955 0.76547835],[0.86164145 0.47900496 0.66401363 0.49809255],[0.54724948 0.4561954  0.50140616 0.60465043],[-0.11991581 -3.09916126  0.47279608  0.33533976],[0.2620959  0.23774751 0.23796583 0.2390963 ]
[0.2475     0.47178631 0.29986884 0.30588829],[0.47026804 0.64412258 0.37523987 0.37147468],[0.65195756 0.81723181 0.71793523 0.86417721],[0.69485966 0.98967205 1.20435732 0.96775294],[1.17784933 1.39475537 1.19184991 1.13565567],[1.20811197 1.32930051 1.18111218 1.22690448],[1.26547251 1.25494492 1.26697903 1.20118759],[1.23639433 1.32762729 1.31821277 1.2833535 ],[1.30524734 1.35495166 1.39441837 1.28076078],[1.3205534  1.37083111 1.35462759 1.38052402],[1.32896181 1.38914469 1.39991585 1.41100777],[1.40349747 1.43486496 1.42361688 1.36024935],[1.44760703 1.41462044 1.46136073 1.38823112],[1.45862238 1.37869685 1.4423794  0.71283485],[1.40002162 1.35791109 1.38380055 1.36088325],[1.40781944 1.38192045 1.39070046 1.39654705],[1.45427229 1.41046304 1.43025478 1.43513589],[1.38998474 1.35607741 1.42067576 1.38496887],[1.36710749 1.33765639 1.40456093 1.38405793],[1.35440022 1.27865468 1.35530833 1.32768386],[1.32244385 1.21134324 1.27290301 1.25348324],[1.18862537 1.17771397 1.15361554 1.2445025 ],[1.14801408 1.22193916 1.14720184 1.13314729],[1.20684941 1.10906799 1.15476772 1.04762596],[0.99915677 0.99229689 1.00915325 1.01882733],[0.81366415 0.55819089 0.69341718 0.90268337],[0.46304203 0.48006957 0.63825187 0.41768929],[0.34631634 0.35367191 0.60847174 0.54902842],[-0.14817928 -3.33059386  0.45852791  0.33654048],[0.26987675 0.25       0.24988386 0.24986245]
[0.27071965 0.36547592 0.32643248 0.27650571],[0.30138277 0.44878957 0.36666026 0.3965556 ],[0.50002021 0.93841212 0.71365082 0.61753115],[0.83383446 1.03399215 0.8742077  0.74113513],[0.94317327 1.13530735 1.16847905 1.06714904],[1.09369509 1.16495494 1.18128548 1.10693725],[1.14400749 1.19471247 0.99224422 1.19066545],[1.18403782 1.23565172 1.26151605 1.24320114],[1.21953405 1.30801362 1.29530731 1.29701471],[1.31883734 1.37494556 1.36391337 1.36570583],[1.36194464 1.40767424 1.4026166  1.37946906],[1.41912936 1.3308814  1.36618394 1.35772068],[1.36264108 1.32434332 1.36964787 1.30551839],[1.34659524 1.37103118 1.34455977 1.2572941 ],[1.352159   1.37957169 1.37816485 1.33678054],[1.40468565 1.41680918 1.43279169 1.39543872],[1.42154884 1.42699495 1.4481464  1.42472032],[1.46099789 1.41730426 1.46686563 1.46066565],[1.4078366  1.35677996 1.41538694 1.43431856],[1.44782144 1.34300928 1.38739168 1.40004257],[1.31934031 1.28237582 1.32777576 1.3575588 ],[1.34135209 1.18082099 1.20270985 1.26096897],[1.24703505 1.05975027 1.26505072 1.09901087],[1.0119573  0.9175043  1.15835801 1.06318085],[0.88561779 0.76823    0.96319217 0.83457529],[0.81567401 0.74734087 0.81463693 0.66312148],[0.85157698 0.71648145 0.48164341 0.41718183],[0.77733687 0.48732013 0.61014589 0.62944792],[-1.22413754 -4.73301609  0.4508967   0.34253047],[0.24793534 0.24637032 0.24754464 0.25834341]
[0.25216405 0.36417889 0.30513813 0.25923315],[0.28882957 0.53652022 0.35249655 0.35945977],[0.43708516 0.51336869 0.78539796 0.66652391],[0.52492284 0.69845701 0.45785116 0.90685308],[0.79454681 0.90829886 1.11548446 0.94181922],[1.01762256 1.01736128 1.15277312 0.94937825],[1.06659872 1.20524654 1.18566105 1.16353747],[1.12001344 1.38497624 1.23363798 1.22940547],[1.28774394 1.34775786 1.26695267 1.27574208],[1.31925105 1.43354385 1.37823002 1.33792529],[1.3996055  1.39212832 1.34796822 1.35781644],[1.33713812 1.30278212 1.382588   1.34586899],[1.39700056 1.28051411 1.30936701 1.30204716],[1.27173129 1.23590199 1.26915498 1.25723087],[1.2730272  1.37300876 1.34906274 1.34601749],[1.40186481 1.43897077 1.40010095 1.40612817],[1.4721861  1.43120825 1.470398   1.45769433],[1.4640805  1.47208594 1.44511568 1.37920638],[1.54221708 1.52292019 1.36246196 1.46959188],[1.54960887 1.45732151 1.4273908  1.44489504],[1.5494631  1.35448021 1.33840527 1.31490919],[1.43967618 1.13831005 1.28687344 0.99858744],[1.11033156 1.09127726 1.27277187 1.05296506],[1.10105211 0.95481448 1.03545845 0.99361171],[0.9560087  0.79856908 0.81009863 0.72980144],[0.76193686 0.61061163 0.63568354 0.57422226],[ 0.58446939  0.62868224 -0.86643433  0.45708732],[0.49308104 0.49599117 0.79890721 0.36956599],[-0.18415568 -1.77249838  0.4897747   0.80080725],[0.30619717 0.2458018  0.25443038 0.24701083]
[0.24147901 0.28775064 0.25353661 0.24683264],[0.25534172 0.59916408 0.33036638 0.40322185],[0.58185233 0.86695249 0.57820641 0.41476143],[0.69299019 1.04046238 0.64593781 0.76879489],[0.79507239 0.93765915 1.06065829 0.81375327],[0.90183792 1.12169376 0.87798722 0.93976307],[1.10559442 1.2315683  1.12349662 1.00257504],[1.22017034 1.1379096  1.25440786 1.28297983],[1.24829915 1.34942138 1.26864741 1.28255732],[1.39032381 1.39577566 1.34823188 1.32077696],[1.38533907 1.39844347 1.38235932 1.32976864],[1.36605084 1.36382922 1.33099447 1.37264332],[1.32740288 1.33579022 1.26130351 1.25666545],[1.33272781 1.31304793 1.27997719 1.24335158],[1.35051032 1.34554779 1.36525689 1.32584446],[1.42915749 1.42820125 1.4484653  1.41347182],[1.48778995 1.43151571 1.37786081 1.30972389],[1.4521948  1.44305883 1.4306991  1.11134158],[1.40339684 1.2790649  1.4378099  1.16298711],[1.26187025 1.31416548 1.43520739 1.15225754],[1.25378921 1.2688239  1.49493289 1.05004696],[1.00544663 1.2959645  0.97969155 0.99148702],[1.06878514 1.07614483 1.27072628 0.85151001],[0.98173055 0.72684969 1.0890152  0.75142728],[0.8139717  0.55684902 0.67570218 0.68076444],[0.51178601 0.3633372  0.55461156 0.65653267],[0.37733523 0.30058482 0.46572537 0.35891848],[0.34625762 0.4024699  0.51701556 0.4415239 ],[ 0.07574449 -0.15613534  1.79077469  0.31192398],[0.3772483  0.25       0.25671432 0.25674806]
[0.24133795 0.258237   0.25911593 0.24465305],[0.27470741 0.26916356 0.30774492 0.34963982],[0.29277961 0.38515435 0.38957515 0.34923509],[0.36657337 0.64312131 0.78963277 0.55848469],[0.68048242 0.75208051 0.95191476 0.54655567],[0.91684378 0.85099834 0.8594313  0.80638726],[0.91894321 1.04011232 1.1512803  1.03660996],[1.03074572 1.30622566 1.1310039  1.19660801],[1.20667643 1.29795173 1.31371656 1.28395687],[1.27200379 1.37524055 1.35520965 1.3217113 ],[1.3306599  1.30817313 1.37009549 1.35941583],[1.26557097 1.26529209 1.39896578 1.25975669],[1.30035526 1.24665773 1.31813434 1.31459307],[1.25436673 1.30411429 1.32413274 1.23238201],[1.343339   1.37348707 1.3133841  1.35114682],[1.34769706 1.30735725 1.43962634 1.32512441],[1.23382133 1.20003776 1.38412606 1.21474037],[1.24241082 1.17360987 1.21797861 1.09111208],[1.05814988 1.22703788 1.22169903 1.14597489],[1.12793116 1.0299989  1.17343782 0.92722439],[1.10539456 0.89401711 1.10292221 0.93930113],[0.97956512 0.79286065 1.096623   0.85852235],[0.90704006 0.81288129 0.84226779 0.69963047],[0.8504471  0.6532676  0.74296575 0.55967596],[0.80793132 0.55000055 0.65190143 0.57104511],[0.7440208  0.4580064  0.51731975 0.41880536],[0.59332092 0.33698537 0.31963502 0.38158842],[0.42760804 0.38503643 0.35702359 0.30679629],[-0.50381436 -1.45433847  0.63218326  0.51026958],[0.24888349 0.2475     0.24862315 0.25      ]
[0.24602459 0.25810605 0.25214047 0.24521869],[0.25078461 0.38174482 0.32014292 0.29215804],[0.37164091 0.46049632 0.38238884 0.36817738],[0.44073602 0.69053975 0.58786603 0.53034733],[0.55025703 0.75445635 0.57013599 0.45842946],[0.60363058 0.84531294 0.87074899 0.53502445],[0.85332649 1.04612469 1.02590141 0.90259851],[0.99576941 1.20327717 1.17789858 1.41220056],[1.25169646 1.42194605 1.30494993 1.27965238],[1.35775752 1.43231933 1.4658985  1.41714976],[1.43472063 1.36221497 1.34905735 1.47309604],[1.40782656 1.28511446 1.3524491  1.45779345],[1.26734809 1.28243503 1.30419    1.4296974 ],[1.27464818 1.18996214 1.34235876 1.3464096 ],[1.291308   1.32925621 1.36776714 1.38334643],[1.29522935 1.18927199 1.3314296  1.29359962],[1.23656839 0.99860925 1.12700826 1.08738313],[1.03831298 0.98365185 1.13444424 0.71375835],[0.94992145 0.87861655 1.1767135  0.86687829],[0.90093379 0.74164527 1.06081416 0.67661312],[0.72631364 0.79905812 0.75555742 0.68041882],[0.68757906 0.61150619 0.80983204 0.49320463],[0.7191435  0.52070693 0.71287163 0.55517132],[0.52013729 0.42552699 0.52670847 0.44886317],[0.4402313  0.39551133 0.66844013 0.48649373],[0.43434873 0.36356913 0.47135807 0.37915356],[0.37567714 0.28917757 0.34888889 0.33078066],[0.28439585 0.27921086 0.34799992 0.30792429],[-0.68682764 -1.8703093   0.38646143  0.26919484],[0.24778453 0.24556414 0.24954977 0.24784904]
[0.27407039 0.28219516 0.24788114 0.25675458],[0.24812454 0.44988852 0.30866169 0.27201452],[0.36424302 0.68269531 0.38493459 0.38639829],[0.47469072 0.32536028 0.761607   0.44112494],[0.58908048 0.40211843 0.48903071 0.36768837],[0.44769233 0.59122043 0.66637609 0.49402116],[0.71521252 0.80690998 0.89224424 0.74072216],[1.09268046 1.37121356 1.18206465 0.95003669],[1.34868631 1.56218935 1.29665855 1.18823636],[1.50120484 1.56643019 1.42042414 1.2286076 ],[1.51779106 1.5722078  1.45012819 1.46141032],[1.53378313 1.53411732 1.38655857 1.38402002],[1.52764198 1.49113798 1.4643959  1.48714538],[1.44194864 1.46386888 1.23717736 1.27699114],[1.4167423  1.32898035 1.40996632 1.23981018],[1.25335572 1.18241764 1.17939643 1.15558025],[0.96146165 0.93176163 1.05224529 1.10832687],[0.93437813 0.89895178 0.81326772 0.60137397],[0.75041568 0.64117944 1.09336097 0.85329955],[-0.56339943  0.54828166  0.72338786  0.58992965],[0.56227555 0.5203661  0.59101642 0.60771666],[0.54874374 0.45837826 0.52674591 0.38547619],[0.39592391 0.42355441 0.58207888 0.44216394],[0.4188263  0.41861768 0.40827264 0.43029483],[0.4019859  0.31099737 0.53122458 0.40717901],[0.35934871 0.36545318 0.34121063 0.30136323],[0.29261027 0.30004523 0.39717714 0.30556531],[0.26594884 0.24603332 0.29706957 0.26310372],[-0.74019987 -0.48852368  0.26203335  0.24861661],[0.2475     0.24956311 0.25       0.25      ]
[0.24177949 0.25938141 0.25842802 0.24979072],[0.24423508 0.30899651 0.27500184 0.26417961],[0.28901366 0.29535463 0.36212195 0.44344806],[0.41383396 0.3918099  0.46123231 0.34336059],[0.35156553 0.53875193 0.4090917  0.30857992],[0.42677037 0.68683775 0.45928344 0.38120395],[0.61314844 0.89440623 0.71330185 0.52422056],[0.89286735 0.96588636 1.39952789 1.07475858],[0.97013571 1.18502446 1.04777708 0.91259825],[1.24806006 1.26059877 1.16649401 1.15187056],[1.25966393 1.35539602 1.53189959 1.32208154],[1.5408943  1.46912988 1.38075    1.16767039],[1.32341729 1.30906745 1.54899698 1.39229095],[1.21509098 1.32987325 1.29418221 1.14485257],[1.24319939 1.193852   1.24225453 1.08627206],[1.07293442 1.02452515 1.27011699 1.05704651],[1.05484956 0.84268855 0.94568995 0.92011909],[0.92309837 0.77750387 0.74277112 0.77083688],[0.70282489 0.63926911 1.00035787 0.69294778],[0.51110657 0.62030102 0.66640037 0.62039465],[0.57001947 0.48972883 0.6540844  0.47138364],[0.470714   0.50177024 0.40237497 0.43305456],[0.51748217 0.36614606 0.4157382  0.36013469],[0.50817066 0.39064256 0.39546724 0.4086216 ],[0.3935009  0.33860813 0.50690488 0.39097631],[0.30409439 0.30739112 0.29033808 0.32888801],[0.26451835 0.27565483 0.37592023 0.28307545],[0.27658769 0.24604842 0.26689225 0.25347063],[-2.67864868 -0.57582262  0.25978274  0.24652391],[0.2475     0.2475     0.24534974 0.25      ]
[0.24666791 0.2706767  0.25406383 0.24458391],[0.2462872  0.31592711 0.25662845 0.25573536],[0.3041098  0.32316624 0.47520661 0.31679365],[0.2978598  0.31178535 0.37500545 0.30590839],[0.31883871 0.31495302 0.40275839 0.29680544],[0.33677926 0.42720812 0.40289859 0.40852775],[0.39527745 0.78448418 0.41566981 0.32622333],[0.6909506  0.75200286 1.10260046 0.72740474],[0.88504292 1.07167502 0.86557378 0.71312167],[1.0484551  1.19131013 1.06871825 1.01066851],[1.07326899 1.07047272 1.34192086 1.01558979],[1.19512699 1.05683589 0.96283189 0.66185767],[1.06558475 1.0837747  1.44434975 0.70817969],[1.28055347 1.10335976 0.88901332 0.83486844],[0.91493673 1.09525423 0.9171809  0.83398204],[1.06731429 0.93251822 1.0450644  1.0145914 ],[0.88621007 0.83576604 1.02832446 0.80559581],[0.93854683 0.7827173  0.79679579 0.71030789],[0.86645116 0.57449002 0.6853582  0.6234927 ],[0.7851581  0.54543786 0.57994317 0.5541643 ],[0.5240663  0.52740898 0.46229029 0.44736337],[0.38863154 0.31877384 0.39688174 0.53174028],[0.40726627 0.39864537 0.36792975 0.44472117],[0.38357396 0.40595468 0.49412699 0.34332917],[0.50385618 0.38091778 0.40171191 0.37805446],[0.49151456 0.29594052 0.31767001 0.28346754],[0.33852024 0.25405532 0.27305661 0.29508835],[0.26824861 0.24761376 0.2607369  0.24890139],[-0.55263545 -1.39946086  0.2660881   0.25476997],[0.2475 0.25   0.25   0.25  ]
[0.2442343  0.24827477 0.25       0.25065759],[0.247746   0.28728143 0.25972162 0.25      ],[0.27875602 0.2700186  0.49935506 0.30391816],[0.32134417 0.28369011 0.29247155 0.25590936],[0.26953189 0.33685795 0.37978229 0.2878088 ],[0.37259302 0.58497759 0.34431661 0.30081087],[0.45065443 0.51052338 0.24720126 0.32919054],[0.45766605 0.50148702 0.83031052 0.56641472],[0.62449629 0.84389263 0.73058936 0.63271246],[0.79351224 0.92537111 1.14030167 0.68967547],[1.00516458 0.80001344 0.95978534 0.75560119],[0.70755483 0.64394442 0.69527023 0.7393327 ],[0.77139641 0.75099747 0.95763    0.76829463],[0.74515529 0.79361049 0.93988935 0.67824894],[0.84590102 0.87891504 0.79282973 0.61023072],[0.87391428 0.78283176 1.12859606 1.10704362],[1.02520116 0.76910884 0.77584601 0.67099748],[0.85106626 0.6797368  0.68828286 0.55808902],[0.58047767 0.69198156 0.68362931 0.53896508],[0.64981654 0.44890103 0.5685643  0.47473505],[0.53698595 0.4151059  0.49991843 0.3968029 ],[0.57626799 0.46487183 0.46872273 0.46582045],[0.55982118 0.39552077 0.41712642 0.47108044],[0.30807749 0.37814427 0.36118058 0.41264275],[0.4368805  0.30878099 0.39221521 0.36007716],[0.35853458 0.26525846 0.33382705 0.2753725 ],[0.28218454 0.25754302 0.26059491 0.31943759],[0.25160367 0.24700815 0.25392138 0.24502644],[-2.33026269 -2.01818277  0.27582427  0.25166133],[0.2475     0.2475     0.2475     0.24754963]
[0.25517199 0.25       0.24809551 0.24785979],[0.24444447 0.2517668  0.25727581 0.24568108],[0.24374962 0.26901723 0.42779699 0.26084898],[0.24693456 0.26021303 0.28188858 0.26072837],[0.24974414 0.27396501 0.29448285 0.2743933 ],[0.26974926 0.29334597 0.28765199 0.28622579],[0.26967326 0.34414634 0.27553333 0.26492068],[0.28888395 0.38009356 0.50772844 0.40447911],[0.36112625 0.57553968 0.62865829 0.46584886],[0.55844207 0.57192056 0.98121325 0.56024074],[0.4554488  0.69631163 0.82623586 0.56270759],[0.65786762 0.75997404 0.59536631 0.58794771],[0.55802466 0.51069793 0.73808602 0.51242061],[0.6146028  0.59923188 0.60658906 0.58404782],[0.54768524 0.91373205 0.86283186 0.61523199],[1.11988344 0.66195921 0.94567853 0.62602119],[0.58493753 0.74562078 0.70936485 0.35764243],[0.54220203 0.66120751 0.58856196 0.40148433],[0.64854079 0.47032038 0.5386873  0.42113943],[0.55611101 0.45714195 0.46817486 0.4326768 ],[0.54497649 0.4455316  0.42607605 0.36173749],[0.59856844 0.44197301 0.45827367 0.46802133],[0.42487546 0.41921875 0.51916293 0.42301277],[0.51025788 0.30670239 0.32322578 0.31558075],[0.41941249 0.31552441 0.34228201 0.32209401],[0.33357973 0.27526941 0.32819386 0.26825969],[0.2866229  0.25436851 0.2939178  0.29823568],[0.28824321 0.25727439 0.27232055 0.26048057],[-0.74595273  0.2475      0.27436041  0.25165336],[0.2475 0.2475 0.25   0.25  ]
[0.24582857 0.25       0.24762222 0.25507845],[0.24056197 0.26111298 0.25956689 0.25705059],[0.24610767 0.35251039 0.30462421 0.26036504],[0.24916308 0.29135056 0.26421794 0.26919241],[0.25421254 0.24771913 0.26406016 0.24884007],[0.26117908 0.25556018 0.25800292 0.27265127],[0.24887173 0.28165311 0.25923404 0.34524991],[0.30127847 0.40168703 0.34222747 0.30581478],[0.45994117 0.53219951 0.39160446 0.37207176],[0.46788635 0.48779866 0.66245644 0.37267598],[0.69523905 0.53800681 0.5043399  0.45146634],[0.5096236  0.51778096 0.6816335  0.55936676],[0.57579314 0.55163922 0.46698375 0.43773547],[0.51932701 0.69319629 0.52342635 0.55663786],[0.59436836 0.51480932 0.77451426 0.57409915],[0.72535781 0.48376556 0.66827336 0.62654899],[0.54085505 0.46802523 0.46301609 0.39161359],[0.40140573 0.44941757 0.52981222 0.4443007 ],[0.41441159 0.34225246 0.38719855 0.51915884],[0.41071362 0.35874491 0.39312438 0.35079112],[0.30712975 0.44655349 0.35207794 0.3067446 ],[0.38423514 0.35518202 0.50692877 0.32854546],[0.46171145 0.3148351  0.31350414 0.34162235],[0.30501817 0.28284717 0.37853654 0.29750231],[0.25574174 0.27333217 0.29861669 0.30783719],[0.28278051 0.283394   0.28477255 0.2607967 ],[0.35552182 0.27245884 0.2853896  0.27025618],[0.29873717 0.26482892 0.2820093  0.30808587],[ 0.2475     -0.62653745  0.26507411  0.24832836],[0.24536    0.25       0.2478705  0.24822209]
[0.24699656 0.25       0.25       0.24808326],[0.2475     0.39049676 0.25651705 0.25      ],[0.26903489 0.29029083 0.37809523 0.29116605],[0.28261648 0.27284376 0.25592189 0.25944811],[0.2768621  0.2981835  0.24870965 0.24378743],[0.25566385 0.34098632 0.28208238 0.25610953],[0.32089345 0.43496966 0.29931399 0.26469986],[0.3011276  0.31575903 0.38584706 0.27143416],[0.29831715 0.34508769 0.43552198 0.30755503],[0.40726959 0.42595011 0.35759842 0.28763858],[0.42039002 0.51274539 0.43586142 0.30620714],[0.39169405 0.45452232 0.66168365 0.43565281],[0.49402661 0.54231112 0.46958142 0.39468602],[0.46501002 0.6624688  0.50113768 0.43344456],[0.56319015 0.66871631 0.52302861 0.40122864],[0.51709461 0.51937149 0.72019716 0.46158442],[0.6382203  0.57428809 0.4448357  0.34958149],[0.69692238 0.5452573  0.47000737 0.33633938],[0.71662617 0.37422636 0.41528872 0.3183666 ],[0.43157448 0.36434871 0.34268254 0.27852295],[0.30861719 0.31646054 0.31699429 0.27960499],[0.36079668 0.31380959 0.33518577 0.27077852],[0.36894927 0.26892562 0.30617646 0.27681201],[0.2600294  0.24765511 0.32061105 0.26456784],[0.26070757 0.26170541 0.26519866 0.25010465],[0.25696702 0.24944714 0.2944338  0.25523992],[0.2759592  0.24871829 0.27984445 0.25930106],[0.26984848 0.25548279 0.29284153 0.27855602],[ 0.27007833 -2.25686078  0.25134238  0.10697322],[0.24898077 0.24806395 0.25       0.25      ]
[ 0.2475      0.25        0.25       -0.91465636],[ 0.2430698   0.24696613 -1.35759681  0.24513453],[ 0.2512546   0.24437638 -0.64291233 -2.36218909],[ 0.28640686  0.25288159 -1.18709737 -0.45663079],[ 0.27012979  0.25622117 -0.182237   -1.35936087],[ 0.24486337  0.26431329 -0.35359754 -0.63106912],[ 0.24710391  0.25421627 -0.85128761 -2.1697474 ],[ 0.26732017  0.30286243 -0.19012587  0.24976382],[ 0.33036497  0.2977606  -1.06085949 -1.97980814],[ 0.33378755  0.29997827 -1.18735099 -1.91616267],[ 0.34665046  0.30378761 -1.87015744 -1.4430392 ],[ 0.37131731  0.47098868 -0.94744851 -3.09980715],[ 0.31359711  0.52439671 -0.05686706 -3.00904818],[ 0.40806624  0.48271407 -1.10572319 -1.04642203],[ 0.38903548  0.45238154 -1.62705952 -1.81405355],[ 0.47925391  0.3403605  -0.49502588 -4.92870597],[ 0.41912846  0.36767922  0.38769114 -0.81366804],[ 0.34758319  0.29407185 -0.76884233 -1.27836543],[ 0.28969834  0.27109938 -1.90628792 -0.44805256],[ 0.2717084   0.29728065 -0.53218311 -2.92383377],[ 0.37696026  0.25307826 -2.23869444 -3.26002969],[ 0.3019747   0.25334657 -0.4599285  -0.70887321],[ 0.27648136  0.2837741  -0.51285486  0.25024252],[ 0.40267143  0.2814617  -1.2196548  -2.77965713],[ 0.30552298  0.26842062 -0.64757266 -0.65097346],[ 0.26144087  0.27386235 -0.42046828 -1.5610284 ],[ 0.25739761  0.31905872 -0.0352993  -1.47035252],[ 0.25374502  0.18618802 -0.34671807 -0.38139293],[-3.80465157 -3.04693677 -0.57732464 -4.6617556 ],[ 0.2475  0.25    0.25   -0.7525]
[0.25 0.25 0.25 0.25],[0.2475     0.24946073 0.25       0.25      ],[0.24958861 0.25       0.2475     0.25      ],[0.2488272 0.25      0.25      0.25     ],[0.2475 0.2475 0.2475 0.2475],[0.2475     0.27173153 0.25       0.25      ],[0.248175   0.2475     0.25452504 0.2493225 ],[0.25944852 0.25       0.2487825  0.25      ],[0.2475     0.24985199 0.24808326 0.25      ],[0.24578894 0.24838508 0.24525    0.25      ],[0.25578894 0.26615582 0.25       0.25      ],[0.24743993 0.27071404 0.25       0.24958703],[0.24919043 0.24809489 0.25430801 0.24788772],[0.27718292 0.25       0.24961838 0.25      ],[0.26478671 0.25       0.24922288 0.2476486 ],[0.25601557 0.25       0.25       0.25      ],[0.24421974 0.245025   0.245025   0.245025  ],[0.2487825  0.27594195 0.25       0.25      ],[0.33470619 0.25537369 0.26309355 0.25      ],[0.28026737 0.25       0.25       0.25011163],[0.245025   0.245025   0.24308905 0.245025  ],[0.2475     0.24472169 0.25       0.25      ],[0.25131748 0.25       0.25       0.25      ],[0.248175   0.24599329 0.2475     0.25      ],[0.25 0.25 0.25 0.25],[0.2475 0.2475 0.2475 0.25  ],[0.2475     0.24765771 0.2475     0.25      ],[0.24920274 0.25       0.25       0.25      ],[0.2575 0.25   0.25   0.25  ],[0.25 0.25 0.25 0.25]
