File_Path, higheset_score,best mean score,Comments
Current DQN WEIGHTS/snake_dqn.pth,59,,
Current DQN WEIGHTS/Weight_wn_Reward_sys.pth,67,1900,my goat
Current DQN WEIGHTS/Best_current_weight.pth.pth,52,1500,
CNN_weights(5x5).pth,32,1000,Not even sure why this was better than the 7x7
CNN_weights(7x7).pth,16,600,Not optimized
Hamiltonian Cycle ,Infinity,After 3 months of struggle ,Finally lol 😭
BFS - Breath First Search,150,,A shortcut of the Hamiltonian
SG-400X400 Grid,54,1700,"I dont think improving this With only
DDQN is Possible will have to look for
something more complicated, which means
 more computational power and more time to train"